,City,City Id,Cloudiness,Country,Date,Humidity,Latitude,Longitude,Temperature,Wind Speed (mph)
0,Hermanus,3366880,0,ZA,1533021250,88,-34.42,19.24,36.06,3.96
1,Khatanga,2022572,20,RU,1533020959,98,71.98,102.47,49.02,8.21
2,Trincomalee,1226260,24,LK,1533021250,56,8.58,81.23,89.97,21.18
3,Capelinha,3467305,0,BR,1533020972,86,-17.69,-42.52,53.88,5.97
4,Mataura,6201424,8,NZ,1533020965,83,-46.19,168.86,48.3,11.68
5,Yellowknife,6185377,75,CA,1533016800,76,62.45,-114.38,53.6,5.82
6,Talnakh,1490256,92,RU,1533021105,96,69.49,88.39,43.98,10.0
7,Punta Arenas,3874787,40,CL,1533016800,86,-53.16,-70.91,37.4,13.87
8,Lebu,344979,24,ET,1533021252,89,8.96,38.73,58.33,3.29
9,Rikitea,4030556,8,PF,1533020961,95,-23.12,-134.97,75.61,17.05
10,Fairbanks,5861897,75,US,1533020280,56,64.84,-147.72,69.8,5.64
11,Lalmohan,1185251,100,BD,1533021252,100,22.34,90.74,81.78,14.03
12,Hobart,2163355,75,AU,1533016800,61,-42.88,147.33,50.0,8.05
13,Saint-Philippe,6138908,1,CA,1533018900,93,45.36,-73.48,69.8,3.36
14,Kapaa,5848280,75,US,1533016560,83,22.08,-159.32,82.4,14.99
15,Souillac,3026644,0,FR,1533018600,82,45.6,-0.6,69.8,7.65
16,Cabo San Lucas,3985710,8,MX,1533020911,100,22.89,-109.91,81.64,11.01
17,Chimbote,3698304,56,PE,1533021254,100,-9.08,-78.59,59.46,2.62
18,Yulara,6355222,90,AU,1533016800,17,-25.24,130.99,77.0,5.82
19,Milkovo,727030,75,BG,1533019800,65,41.53,24.68,80.6,3.36
20,Calama,3897347,0,CL,1533016800,17,-22.46,-68.93,35.6,18.34
21,Lima,3936456,0,PE,1533021055,89,-12.06,-77.04,51.09,1.83
22,Abu Samrah,172515,0,SY,1533021255,67,35.3,37.18,79.35,11.45
23,Coquimbo,3893629,20,CL,1533016800,70,-29.95,-71.34,44.6,5.82
24,Bluff,2175403,0,AU,1533020960,17,-23.58,149.07,76.02,5.19
25,Tiznit,2527089,92,MA,1533021255,97,29.7,-9.73,65.58,0.94
26,Bredasdorp,1015776,0,ZA,1533016800,87,-34.53,20.04,44.6,8.05
27,Jilib,56166,44,SO,1533021256,70,0.49,42.79,80.88,7.76
28,Fortuna,2517679,75,ES,1533018600,83,38.18,-1.13,78.8,3.36
29,Tezu,1254709,92,IN,1533021256,100,27.93,96.16,67.06,1.61
30,Shahr-e Babak,115781,0,IR,1533021257,17,30.12,55.12,86.64,7.87
31,Nan,1608452,75,TH,1533020400,66,18.78,100.78,84.2,9.17
32,Mutare,884979,32,MZ,1533021257,87,-18.97,32.67,52.98,2.39
33,Ushuaia,3833367,90,AR,1533016800,91,-54.81,-68.31,35.6,10.29
34,Biltine,244878,0,TD,1533021258,68,14.53,20.93,76.78,10.0
35,Churapcha,2025241,0,RU,1533021258,63,62.0,132.43,70.08,4.18
36,Smidovich,2016412,0,RU,1533021258,58,48.6,133.81,78.54,5.75
37,New Norfolk,2155415,75,AU,1533016800,61,-42.78,147.06,50.0,8.05
38,Chokurdakh,2126123,56,RU,1533021030,84,70.62,147.9,46.59,13.69
39,Albany,5106834,20,US,1533020040,87,42.65,-73.75,69.8,2.73
40,Barrow,3833859,8,AR,1533020959,82,-38.31,-60.23,34.66,8.77
41,Hithadhoo,1282256,20,MV,1533020970,100,-0.6,73.08,81.46,8.1
42,Yar-Sale,1486321,0,RU,1533021073,90,66.83,70.83,49.24,22.75
43,Antalaha,1071296,36,MG,1533021260,96,-14.9,50.28,71.7,5.3
44,Paramonga,3933024,64,PE,1533021260,100,-10.68,-77.82,58.24,9.1
45,Mar del Plata,3863379,20,AR,1533021009,83,-46.43,-67.52,39.3,16.93
46,Ust-Kuyga,2013921,20,RU,1533021260,53,70.0,135.55,62.38,9.78
47,Pevek,2122090,88,RU,1533021018,77,69.7,170.27,54.64,7.54
48,Buriti dos Lopes,3404713,0,BR,1533021261,79,-3.18,-41.87,77.23,12.24
49,Bilibino,2126682,92,RU,1533021262,88,68.06,166.44,60.72,3.4
50,Kalmunai,1242110,8,LK,1533021262,66,7.42,81.82,89.74,8.77
51,Avarua,4035715,20,CK,1533016800,73,-21.21,-159.78,69.8,4.7
52,Kloulklubed,7671223,90,PW,1533019860,83,7.04,134.26,82.4,4.7
53,Atuona,4020109,12,PF,1533020967,98,-9.8,-139.03,80.29,16.93
54,Tual,1623197,20,ID,1533021263,95,-5.67,132.75,80.61,15.03
55,Cidreira,3466165,92,BR,1533021263,93,-30.17,-50.22,51.45,2.73
56,Turukhansk,1488903,68,RU,1533021264,88,65.8,87.96,49.74,10.0
57,Vaini,1273574,88,IN,1533020978,100,15.34,74.49,73.36,8.43
58,Isangel,2136825,92,VU,1533021015,100,-19.55,169.27,72.78,10.45
59,Oxford,4081914,75,US,1533020400,94,33.61,-85.83,73.4,4.97
60,Lasa,146639,40,CY,1533019800,70,34.92,32.53,84.2,9.17
61,Cape Town,3369157,20,ZA,1533018600,81,-33.93,18.42,48.2,8.05
62,Kavieng,2094342,76,PG,1533021027,98,-2.57,150.8,85.56,9.22
63,Busselton,2075265,76,AU,1533020706,100,-33.64,115.35,61.21,18.5
64,Provideniya,4031574,90,RU,1533016800,87,64.42,-173.23,57.2,6.71
65,Yertsevo,467084,0,RU,1533021265,66,60.8,40.09,72.91,4.63
66,Zhanaozen,607610,80,KZ,1533021038,20,43.35,52.85,91.63,11.01
67,Lipno,3093268,0,PL,1533021266,87,52.85,19.18,74.76,4.41
68,Garissa,197745,0,KE,1533021266,69,-0.46,39.64,77.82,11.68
69,Upernavik,3418910,0,GL,1533020985,86,72.79,-56.15,42.04,4.97
70,Butterworth,1735076,75,MY,1533020400,70,5.4,100.37,86.0,4.7
71,Longyearbyen,2729907,75,NO,1533018000,76,78.22,15.63,50.0,5.82
72,Kahului,5847411,40,US,1533018000,78,20.89,-156.47,80.6,11.41
73,Medea,2488835,0,DZ,1533020400,60,36.27,2.77,75.2,4.7
74,Kungsbacka,2698729,0,SE,1533019800,47,57.49,12.08,77.0,6.93
75,Mackay,5921525,75,CA,1533019260,100,53.65,-115.58,55.4,4.7
76,Klaksvik,2618795,48,FO,1533019800,87,62.23,-6.59,53.6,6.93
77,Barra Patuca,3614835,56,HN,1533021268,90,15.8,-84.28,82.95,10.78
78,Terrak,3134658,0,NO,1533018000,73,65.09,12.37,73.4,14.99
79,Ribeira Grande,3372707,75,PT,1533020400,73,38.52,-28.7,69.8,4.07
80,Pisco,3932145,90,PE,1533020400,87,-13.71,-76.2,60.8,2.24
81,Katangli,2122783,88,RU,1533021269,85,51.71,143.23,60.13,2.39
82,Praia,3460954,0,BR,1533021270,89,-20.25,-43.81,49.11,4.18
83,East London,1006984,0,ZA,1533016800,66,-33.02,27.91,55.4,6.93
84,Jamestown,2069194,0,AU,1533020964,54,-33.21,138.6,56.31,12.57
85,Snezhnogorsk,795243,0,RU,1533018600,47,69.19,33.23,78.8,8.95
86,Qaanaaq,3831208,88,GL,1533020999,91,77.48,-69.36,38.71,2.39
87,Lorengau,2092164,20,PG,1533021003,90,-2.02,147.27,86.55,13.24
88,Sao Jose da Coroa Grande,3388456,92,BR,1533021031,100,-8.9,-35.15,70.89,4.97
89,Port Alfred,964432,0,ZA,1533020976,97,-33.59,26.89,59.59,13.8
90,Arraial do Cabo,3471451,88,BR,1533020962,100,-22.97,-42.02,70.62,8.43
91,Esperance,3573739,75,TT,1533016800,94,10.24,-61.45,77.0,4.18
92,Saldanha,2737599,0,PT,1533021015,88,41.42,-6.55,54.6,3.06
93,Yaita,1848776,40,JP,1533019740,52,36.8,139.92,93.2,4.7
94,Castro,3896218,56,CL,1533020762,100,-42.48,-73.76,31.83,2.84
95,Salalah,286621,90,OM,1533016200,100,17.01,54.1,77.0,5.82
96,Sexsmith,6144602,40,CA,1533016800,87,55.35,-118.78,59.0,5.82
97,Bethel,5880568,90,US,1533016380,72,60.79,-161.76,62.6,5.82
98,Mount Gambier,2156643,92,AU,1533020750,98,-37.83,140.78,50.59,11.45
99,Ancud,3899695,64,CL,1533020998,84,-41.87,-73.83,32.1,3.4
100,Kutum,371745,76,SD,1533021273,62,14.2,24.66,73.09,14.58
101,Tasiilaq,3424607,88,GL,1533016200,81,65.61,-37.64,46.4,3.4
102,Dikson,1507390,56,RU,1533020982,100,73.51,80.55,36.51,16.82
103,Cockburn Town,3576994,88,TC,1533021167,95,21.46,-71.14,83.22,20.18
104,Wasilla,5877641,75,US,1533020160,77,61.58,-149.44,62.6,1.95
105,Bol,2434979,92,TD,1533021274,83,13.47,14.72,77.23,11.45
106,Faanui,4034551,20,PF,1533021045,100,-16.48,-151.75,79.89,6.2
107,Puerto Ayora,3652764,68,EC,1533020984,100,-0.74,-90.35,70.89,12.01
108,Torbay,6167817,5,CA,1533016800,93,47.66,-52.73,57.2,11.41
109,Singleton,2149475,8,AU,1533020400,34,-32.57,151.17,64.4,9.17
110,Chuy,3443061,0,UY,1533020971,93,-33.69,-53.46,46.41,12.91
111,Taoudenni,2450173,32,ML,1533021276,12,22.68,-3.98,90.69,10.56
112,Thompson,6165406,75,CA,1533017700,93,55.74,-97.86,46.4,5.82
113,Kodiak,4407665,1,US,1533019980,100,39.95,-94.76,60.8,4.7
114,Slave Lake,6149374,1,CA,1533016800,93,55.28,-114.77,60.8,3.36
115,Port Blair,1259385,68,IN,1533021075,96,11.67,92.75,83.53,24.87
116,Sassandra,2281951,36,CI,1533020400,100,4.95,-6.09,75.2,4.7
117,Lufilufi,4035249,12,WS,1533021091,100,-13.87,-171.6,81.96,11.79
118,Iqaluit,5983720,75,CA,1533016800,86,63.75,-68.52,41.0,10.29
119,Awjilah,88533,0,LY,1533021081,52,29.14,21.3,82.14,7.65
120,Los Alamos,5476825,40,US,1533020100,67,35.88,-106.3,64.4,13.87
121,Aksarka,1512019,0,RU,1533021048,59,66.56,67.8,50.55,20.51
122,Nuristan,1346493,0,UZ,1533018600,19,38.49,65.64,91.4,11.41
123,Biak,1637001,88,ID,1533021053,100,-0.91,122.88,75.48,6.42
124,Huercal-Overa,2516542,0,ES,1533021279,100,37.39,-1.95,69.76,3.4
125,Kondoa,156510,88,TZ,1533021279,88,-4.91,35.78,63.6,4.07
126,San Pedro de Macoris,3493032,40,DO,1533020400,94,18.46,-69.3,77.0,4.7
127,Vostok,2013279,92,RU,1533021279,94,46.45,135.83,72.42,2.73
128,Clermont,2171365,0,AU,1533021280,18,-22.82,147.64,75.75,6.98
129,Platanos,255036,40,GR,1533019800,62,35.47,23.6,84.2,9.17
130,Mosquera,3674292,75,CO,1533020400,87,4.71,-74.23,53.6,3.36
131,Kaitangata,2208248,68,NZ,1533021020,85,-46.28,169.85,47.85,5.64
132,College,5859699,1,US,1533016680,41,64.86,-147.8,75.2,5.64
133,Pangnirtung,6096551,92,CA,1533021281,97,66.15,-65.72,40.06,8.66
134,Rawson,3839307,0,AR,1533021282,75,-43.3,-65.11,27.15,10.45
135,Kushima,1895695,75,JP,1533016800,89,31.5,131.29,84.2,14.99
136,Padilla,3673407,90,CO,1533020400,93,3.23,-76.31,66.2,3.36
137,Uyovu,149027,64,TZ,1533021283,89,-3.28,31.53,65.98,4.18
138,Ivanava,627811,0,BY,1533021283,89,52.14,25.53,76.24,9.1
139,Puri,1635111,0,ID,1533018600,55,-7.54,112.45,87.8,10.29
140,Bada,2322495,56,NG,1533021284,96,12.41,4.51,72.78,7.43
141,Ajaccio,6452235,0,FR,1533018600,69,41.93,8.74,82.4,3.36
142,Gueret,3014383,0,FR,1533018600,82,46.17,1.87,66.2,10.29
143,Oyon,3933867,0,PE,1533021285,70,-10.67,-76.77,33.58,2.17
144,Beloha,1067565,0,MG,1533021285,82,-25.17,45.06,65.71,6.2
145,Eenhana,3357804,0,NA,1533021285,53,-17.48,16.34,48.16,3.18
146,Road Town,3577430,90,VG,1533019980,69,18.42,-64.62,82.4,12.75
147,Prado,3452483,0,BR,1533021286,94,-17.34,-39.22,77.41,17.16
148,Saskylakh,2017155,100,RU,1533021006,99,71.97,114.09,46.95,15.26
149,Marsh Harbour,3571913,68,BS,1533021287,98,26.54,-77.06,84.03,11.9
150,Naze,2337542,12,NG,1533020964,94,5.43,7.07,67.02,3.85
151,Killorglin,2963311,88,IE,1533021287,87,52.1,-9.78,56.08,17.6
152,Umkomaas,946128,0,ZA,1533021288,83,-30.21,30.8,45.42,2.51
153,Butaritari,2110227,0,KI,1533020973,100,3.07,172.79,83.98,6.64
154,Tiksi,2015306,32,RU,1533021007,65,71.64,128.87,57.34,14.14
155,Mahebourg,934322,20,MU,1533016800,69,-20.41,57.7,77.0,6.93
156,Caravelas,3466980,0,BR,1533021104,96,-17.73,-39.27,77.01,16.71
157,Avera,4231997,1,US,1533018900,94,33.19,-82.53,75.2,3.36
158,Port Hardy,6111862,5,CA,1533016800,93,50.7,-127.42,53.6,4.7
159,Norman Wells,6089245,75,CA,1533016800,68,65.28,-126.83,66.2,5.82
160,Rio Gallegos,3838859,90,AR,1533016800,74,-51.62,-69.22,37.4,4.7
161,Crossville,4616470,20,US,1533019980,88,35.95,-85.03,71.6,4.7
162,Kommunar,545788,0,RU,1533018600,60,59.62,30.39,73.4,6.71
163,Okhotsk,2122605,24,RU,1533021057,92,59.36,143.24,65.08,5.08
164,Emet,315639,24,TR,1533021290,81,39.34,29.26,66.93,3.85
165,Aswan,359792,0,EG,1533016800,28,24.09,32.9,93.2,1.12
166,Sisimiut,3419842,0,GL,1533021048,97,66.94,-53.67,36.96,2.17
167,Ponta do Sol,3453439,92,BR,1533020970,65,-20.63,-46.0,63.19,6.87
168,Luderitz,3355672,92,NA,1533021057,98,-26.65,15.16,52.84,5.19
169,Tacoronte,2510725,75,ES,1533018600,100,28.48,-16.41,68.0,23.04
170,Lompoc,5367788,90,US,1533019140,93,34.64,-120.46,62.6,4.74
171,Alofi,4036284,32,NU,1533020400,88,-19.06,-169.92,66.2,4.7
172,Sioux Lookout,6148373,90,CA,1533016800,77,50.1,-91.92,68.0,5.82
173,Hasaki,2112802,20,JP,1533018600,70,35.73,140.83,89.6,11.41
174,Kindu,212902,20,CD,1533021293,84,-2.95,25.92,74.31,3.06
175,Tura,1254046,76,IN,1533021095,84,25.52,90.21,84.12,3.74
176,Vardo,4372777,90,US,1533019980,88,39.62,-77.74,69.8,2.73
177,Udachnyy,2014624,68,RU,1533021293,63,66.42,112.4,65.71,3.96
178,Tarragona,3108288,0,ES,1533018600,65,41.12,1.25,77.0,3.36
179,Ningxiang,1799352,40,CN,1533016800,39,28.28,112.55,98.6,6.71
180,Georgetown,3378644,40,GY,1533016800,94,6.8,-58.16,75.2,4.7
181,Norwich,2641181,20,GB,1533019200,88,52.63,1.29,62.6,5.82
182,Brodokalmak,1508802,40,RU,1533018600,55,55.57,62.07,64.4,11.18
183,Iberia,3938531,0,PE,1533021295,81,-11.41,-69.49,74.89,3.62
184,Bara,2347758,48,NG,1533021064,91,10.41,10.6,72.06,7.76
185,Arroyo,5208292,1,US,1533020040,100,41.39,-78.88,64.4,4.7
186,Krasnoarmeysk,542463,0,RU,1533018600,53,56.12,38.15,71.6,8.95
187,Troitsko-Pechorsk,481548,0,RU,1533021296,47,62.71,56.19,73.77,5.19
188,Cherskiy,2126199,68,RU,1533020994,70,68.75,161.3,57.3,2.51
189,Panaba,3521972,24,MX,1533021296,86,21.28,-88.27,76.56,5.3
190,Airai,1651810,44,TL,1533020960,42,-8.93,125.41,84.34,1.28
191,Alice,4670234,1,US,1533020100,88,27.75,-98.07,80.6,3.36
192,Ilhabela,3461425,32,BR,1533021052,100,-23.78,-45.36,66.39,15.03
193,Tuktoyaktuk,6170031,12,CA,1533020980,69,69.44,-133.03,56.44,16.49
194,Along,1278969,92,IN,1533021298,99,28.17,94.8,69.58,1.39
195,Tilichiki,2120591,92,RU,1533021298,100,60.47,166.1,50.14,9.22
196,Aldan,2027968,92,RU,1533021298,90,58.61,125.39,56.98,5.19
197,Maine-Soroa,2441447,68,NE,1533021123,71,13.21,12.02,79.89,12.46
198,Hilo,5855927,90,US,1533017940,83,19.71,-155.08,78.8,6.93
199,Daru,2409663,80,SL,1533021299,97,7.99,-10.85,70.39,4.74
200,Porkhov,506278,75,RU,1533018600,68,57.77,29.55,71.6,6.71
201,Batagay-Alyta,2027042,24,RU,1533021299,64,67.8,130.41,60.45,4.18
202,Mogocha,2019912,36,RU,1533021300,56,53.73,119.76,68.01,7.65
203,Madison,5261457,20,US,1533019440,100,43.07,-89.38,59.0,3.18
204,Hobyo,57000,0,SO,1533020992,70,5.35,48.53,78.45,17.38
205,Puro,1706889,68,PH,1533021300,97,13.13,123.76,81.33,8.43
206,Kluang,1732811,75,MY,1533020400,79,2.04,103.32,84.2,4.7
207,Myanaung,1308204,92,MM,1533021301,100,18.28,95.32,78.72,14.58
208,Batsfjord,780717,0,NO,1533016200,73,70.63,29.72,73.4,9.17
209,Atar,2381334,24,MR,1533021302,21,20.52,-13.05,88.44,11.23
210,Garowe,58933,0,SO,1533021302,45,8.41,48.48,85.11,21.3
211,Buraydah,107304,0,SA,1533016800,26,26.33,43.97,96.8,8.05
212,Sechura,3691954,36,PE,1533021303,92,-5.56,-80.82,64.14,9.22
213,Zhezkazgan,1516589,75,KZ,1533018600,19,47.8,67.71,87.8,11.18
214,Imeni Poliny Osipenko,2023584,80,RU,1533021303,75,52.42,136.49,71.83,1.95
215,Namibe,3347019,92,AO,1533021029,100,-15.19,12.15,63.19,2.51
216,Patrocinio,1712808,56,PH,1533021304,90,13.72,123.64,84.03,5.97
217,Borba,2270755,0,PT,1533016800,93,38.81,-7.46,64.4,4.7
218,Namatanai,2090021,36,PG,1533021305,97,-3.66,152.44,84.16,8.55
219,Port Elizabeth,4501427,90,US,1533020040,88,39.31,-74.98,71.6,5.82
220,Sola,643453,0,FI,1533018000,64,62.78,29.36,71.6,5.82
221,Ilulissat,3423146,0,GL,1533016200,86,69.22,-51.1,37.4,2.24
222,Kenora,5991056,40,CA,1533020100,64,49.76,-94.48,69.8,13.87
223,Visby,2662689,75,SE,1533019800,83,57.64,18.3,75.2,3.36
224,Uyuni,3901903,0,BO,1533021306,28,-20.46,-66.82,17.7,5.41
225,Conceicao do Araguaia,3401845,24,BR,1533021147,61,-8.26,-49.26,72.28,2.62
226,Bukama,217834,0,CD,1533021307,68,-9.2,25.85,68.64,3.51
227,Miri,2347470,24,NG,1533021307,90,10.31,9.75,69.76,9.78
228,Maceio,3395981,75,BR,1533016800,94,-9.67,-35.74,71.6,6.93
229,Jalingo,2351027,48,NG,1533021308,91,10.3,10.93,72.06,7.76
230,Itamaraca,3397963,75,BR,1533016800,78,-7.75,-34.83,77.0,8.05
231,Caconda,3351380,0,AO,1533021308,73,-13.73,15.06,42.9,3.96
232,Belaya Gora,2126785,0,RU,1533021023,65,68.54,146.19,56.58,8.77
233,Yuli,2347468,56,NG,1533021309,85,10.52,9.86,72.06,11.23
234,Sao Filipe,3374210,0,CV,1533021009,100,14.9,-24.5,74.98,12.57
235,Nelson Bay,2155562,0,AU,1533016800,29,-32.72,152.14,66.2,10.29
236,Leningradskiy,2123814,64,RU,1533021025,86,69.38,178.42,42.0,10.22
237,Laguna,4013704,56,MX,1533021310,62,27.52,-110.01,88.39,3.4
238,Svetlogorsk,584051,75,RU,1533018600,55,53.14,59.15,60.8,15.66
239,Gurh,1270640,92,IN,1533021310,99,24.52,81.52,76.51,12.01
240,Gibara,3558315,5,CU,1533019800,94,21.11,-76.13,77.0,5.82
241,Sosnovo,490213,0,RU,1533021311,59,60.56,30.25,73.68,3.18
242,Tarakan,1624725,64,ID,1533021311,93,3.3,117.63,82.99,1.39
243,Morehead,4301307,20,US,1533019680,88,38.18,-83.43,69.8,3.36
244,Paamiut,3421193,0,GL,1533021312,97,61.99,-49.67,39.84,0.38
245,Onega,515246,0,RU,1533021312,72,63.91,38.09,67.11,5.97
246,Meulaboh,1214488,92,ID,1533021312,100,4.14,96.13,81.78,3.51
247,Dunedin,2191562,0,NZ,1533020804,65,-45.87,170.5,49.24,10.45
248,Nyuzen,1854868,20,JP,1533016800,49,36.93,137.5,91.4,8.05
249,Camacha,2270385,40,PT,1533020400,73,33.08,-16.33,69.8,6.93
250,Chumikan,2025256,0,RU,1533021313,63,54.72,135.31,68.37,5.08
251,Pearl Lagoon,3618522,56,NI,1533021313,98,12.34,-83.67,81.42,14.58
252,Codrington,2160063,0,AU,1533021314,69,-28.95,153.24,63.6,2.39
253,Mauriti,3395058,92,BR,1533021314,69,-7.39,-38.77,74.58,7.31
254,Colombo,1248991,40,LK,1533017400,83,6.93,79.85,82.4,14.99
255,Ayagoz,1525988,0,KZ,1533021315,34,47.96,80.43,78.9,14.14
256,Batemans Bay,2176639,0,AU,1533021315,62,-35.71,150.18,60.63,7.54
257,Bilma,2446796,8,NE,1533020985,33,18.69,12.92,77.86,12.68
258,Champerico,3530097,64,MX,1533021315,94,16.38,-93.6,69.58,2.51
259,Machinga,927643,0,MW,1533016800,60,-15.18,35.3,69.8,3.29
260,Mezen,527321,20,RU,1533021316,54,65.85,44.24,71.74,4.07
261,Husavik,5961417,20,CA,1533020969,63,50.56,-96.99,70.03,9.44
262,Katsuura,1865309,40,JP,1533016800,55,33.93,134.5,89.6,9.17
263,Roald,3141667,0,NO,1533018000,77,62.58,6.12,68.0,5.82
264,Suarez,3667772,88,CO,1533021317,90,4.05,-74.83,68.46,2.62
265,Lavrentiya,4031637,68,RU,1533021039,92,65.58,-170.99,50.91,11.01
266,Lasko,3196760,0,SI,1533020400,73,46.15,15.24,78.8,5.82
267,Sitka,4267710,0,US,1533020910,88,37.17,-99.65,60.63,7.43
268,Tuatapere,2180815,92,NZ,1533021056,100,-46.13,167.69,48.12,10.78
269,Sivaki,2016477,76,RU,1533021318,96,52.63,126.75,63.28,6.76
270,Seltso,532615,0,RU,1533018600,53,55.57,38.01,71.6,6.71
271,Denpasar,1645528,75,ID,1533018600,70,-8.65,115.22,84.2,14.99
272,Saint George,262462,40,GR,1533019800,69,39.45,22.34,80.6,3.4
273,Ahuimanu,5856516,75,US,1533019500,78,21.44,-157.84,82.4,10.29
274,Proletariy,504840,0,RU,1533021319,80,58.43,31.7,69.76,4.97
275,Miraflores,3674735,68,CO,1533021320,100,5.2,-73.14,50.23,1.28
276,Mawlaik,1310120,88,MM,1533021320,94,23.63,94.42,78.76,2.95
277,Ouahigouya,2357043,12,BF,1533021320,96,13.58,-2.42,70.84,9.44
278,Puerto Baquerizo Moreno,3652758,80,EC,1533021321,98,-0.9,-89.6,70.71,10.22
279,Yinchuan,1786657,12,CN,1533021321,76,38.48,106.21,80.97,10.0
280,Aripuana,3665202,12,BR,1533021321,76,-9.17,-60.63,77.73,2.84
281,Ahipara,2194098,92,NZ,1533021322,90,-35.17,173.16,56.71,7.2
282,Nuuk,3421319,36,GL,1533016200,100,64.17,-51.74,39.2,6.93
283,Miranda,3674702,90,CO,1533020400,93,3.25,-76.23,66.2,3.36
284,Partizanskoye,693805,0,UA,1533021322,84,44.83,34.08,78.45,3.74
285,Atasu,1526041,0,KZ,1533021021,44,48.68,71.64,81.42,5.08
286,Alto Araguaia,3472473,0,BR,1533021324,66,-17.32,-53.22,61.98,2.39
287,Clyde River,5924351,90,CA,1533020040,100,70.47,-68.59,39.2,8.05
288,Trail,6168326,0,CA,1533021324,46,49.1,-117.71,67.33,1.61
289,East Liverpool,5152709,90,US,1533020160,93,40.62,-80.58,66.2,3.36
290,Carutapera,3402648,12,BR,1533021324,84,-1.2,-46.02,78.76,10.0
291,Noyabrsk,1496503,88,RU,1533021325,89,63.2,75.45,56.13,17.38
292,Lagoa,2267254,0,PT,1533020400,78,37.14,-8.45,71.6,1.12
293,Ambon,3037899,0,FR,1533018600,82,47.55,-2.56,66.2,5.82
294,Richards Bay,962367,0,ZA,1533021027,95,-28.77,32.06,57.03,3.85
295,San Matias,3601874,40,HN,1533016800,88,13.97,-86.63,66.2,4.7
296,Nishihara,1850144,20,JP,1533018600,66,35.74,139.53,91.4,14.99
297,Saint-Pierre,2995603,0,FR,1533018600,77,48.95,4.24,69.8,5.82
298,Nicolas Bravo,4015683,8,MX,1533021327,100,24.39,-104.74,51.49,2.62
299,Scottsbluff,5699404,1,US,1533019980,100,41.87,-103.67,55.4,3.36
300,San Cristobal,3652462,75,EC,1533020400,93,-0.39,-78.55,50.0,4.7
301,Shimoda,1852357,20,JP,1533016800,70,34.7,138.93,86.0,10.29
302,Skibbereen,2961459,75,IE,1533018600,87,51.55,-9.27,55.4,14.99
303,Trairi,3386177,0,BR,1533021328,99,-3.28,-39.27,79.71,20.96
304,Noumea,2139521,0,NC,1533020400,82,-22.28,166.46,68.0,4.7
305,Hovd,7626384,0,NO,1533018000,64,63.83,10.7,71.6,2.24
306,Payo,1638775,20,ID,1533021329,94,-3.75,103.64,83.89,4.52
307,Sirajganj,1185115,48,BD,1533021329,82,24.46,89.71,89.52,11.56
308,Ucluelet,6171633,0,CA,1533021106,78,48.94,-125.55,63.15,1.72
309,Narsaq,3421719,64,GL,1533016200,66,60.91,-46.05,50.0,3.36
310,Te Anau,2181625,56,NZ,1533020986,94,-45.41,167.72,43.71,8.66
311,Dickinson,5688789,1,US,1533020160,72,46.88,-102.79,59.0,9.17
312,Hadsund,2620952,24,DK,1533018000,65,56.72,10.12,77.0,9.17
313,Mount Isa,2065594,0,AU,1533016800,11,-20.73,139.49,78.8,4.7
314,Shingu,1847947,75,JP,1533016800,66,33.72,135.99,87.8,8.05
315,Henties Bay,3356832,92,NA,1533021331,100,-22.12,14.28,54.96,5.64
316,Merauke,2082539,8,ID,1533021090,60,-8.49,140.4,87.13,15.48
317,Kimbe,2093967,20,PG,1533021331,88,-5.56,150.15,85.69,8.66
318,Xining,1788852,0,CN,1533021331,55,36.62,101.77,72.28,6.98
319,Arnedo,6359008,20,ES,1533018600,73,42.23,-2.1,73.4,9.17
320,Colares,2269142,75,PT,1533020400,88,38.8,-9.45,71.6,8.05
321,Verkhoyansk,2013465,0,RU,1533021332,59,67.55,133.39,63.87,3.74
322,Ossipee,4452290,1,US,1533020700,94,36.17,-79.51,73.4,3.36
323,Havre-Saint-Pierre,5972291,20,CA,1533016800,93,50.23,-63.6,55.4,4.63
324,Whitehorse,6180550,40,CA,1533016800,38,60.72,-135.06,73.4,10.29
325,Margate,2158744,75,AU,1533016800,61,-43.03,147.26,50.0,8.05
326,Katakwi,231947,76,UG,1533021334,100,1.91,33.96,64.95,4.29
327,Kita,1850144,20,JP,1533018600,66,35.76,139.74,91.4,14.99
328,Najran,103630,0,SA,1533016800,24,17.54,44.22,91.4,10.29
329,Tomakomai,2127733,20,JP,1533018600,83,42.65,141.6,77.0,18.34
330,Nikolskoye,546105,0,RU,1533018600,60,59.7,30.79,73.4,6.71
331,Nagua,3496021,92,DO,1533021335,99,19.37,-69.85,78.58,8.66
332,Vila Velha,6320062,20,BR,1533016800,88,-3.71,-38.6,77.0,8.05
333,Vestmannaeyjar,3412093,75,IS,1533017820,100,63.44,-20.27,50.0,19.46
334,Broome,2656067,20,GB,1533019200,88,52.47,1.45,62.6,5.82
335,Waingapu,1622318,68,ID,1533020989,82,-9.65,120.26,79.44,7.09
336,Alugan,1731248,68,PH,1533021054,93,12.22,125.48,84.03,8.77
337,Poum,787487,20,MK,1533020400,60,41.28,20.71,75.2,2.24
338,Dubno,709540,0,UA,1533018600,94,50.42,25.75,73.4,4.47
339,Goderich,5962442,20,CA,1533021336,85,43.74,-81.71,62.61,2.06
340,Cangzhou,1816080,0,CN,1533021337,64,38.3,116.85,95.82,6.87
341,Sibu,1735902,75,MY,1533020400,74,2.29,111.83,86.0,5.82
342,Sinnamary,3380290,76,GF,1533021020,96,5.38,-52.96,80.7,11.9
343,Raymond,5091636,20,US,1533020160,88,43.04,-71.18,66.2,2.73
344,Kjollefjord,779261,0,NO,1533016200,82,70.95,27.35,60.8,11.41
345,Banff,5892532,8,CA,1533021338,61,51.18,-115.57,54.42,2.51
346,Nicoya,3622716,20,CR,1533016800,83,10.15,-85.45,75.2,3.36
347,Walvis Bay,3359638,80,NA,1533021118,100,-22.95,14.51,54.91,8.66
348,Ayan,749747,32,TR,1533021339,82,40.67,33.6,68.28,3.18
349,Humaita,3838233,0,AR,1533016800,70,-24.93,-65.37,53.6,2.24
350,Pochutla,3517970,92,MX,1533021339,100,15.74,-96.47,81.24,2.62
351,Rio Grande,3451138,0,BR,1533020968,100,-32.03,-52.1,46.59,11.56
352,Archidona,3660573,92,EC,1533021340,100,-0.91,-77.81,61.03,2.73
353,Sambava,1056899,36,MG,1533020972,100,-14.27,50.17,73.09,8.99
354,Victoria,1733782,75,BN,1533018600,94,5.28,115.24,80.6,9.17
355,Hay River,5972762,75,CA,1533016800,100,60.82,-115.79,46.4,3.18
356,Kavaratti,1267390,68,IN,1533021039,97,10.57,72.64,82.14,16.04
357,Jackville,2290582,20,CI,1533020400,83,5.21,-4.42,77.0,10.29
358,Port Alberni,6111632,40,CA,1533016800,69,49.24,-124.81,73.4,2.62
359,Sorland,3137469,0,NO,1533018000,82,67.67,12.69,73.4,5.82
360,Riyadh,108410,0,SA,1533016800,13,24.63,46.72,98.6,6.93
361,Chapais,5919850,1,CA,1533016800,93,49.78,-74.86,57.2,4.7
362,Inuvik,5983607,75,CA,1533016800,60,68.36,-133.71,68.0,5.82
363,Estelle,4671240,75,US,1533020100,69,32.87,-97.01,82.4,6.31
364,Galle,4695361,1,US,1533019980,78,29.74,-97.91,86.0,5.82
365,Banda Aceh,1215502,80,ID,1533021094,64,5.56,95.32,86.37,4.29
366,Artyom,2027456,20,RU,1533018600,62,43.36,132.19,87.8,6.71
367,Half Moon Bay,5354943,90,US,1533019200,93,37.46,-122.43,66.2,6.93
368,Gamba,1281256,56,CN,1533021344,89,28.28,88.52,45.6,3.06
369,Mocuba,1024312,0,MZ,1533021344,89,-16.84,36.99,66.75,4.07
370,Trogir,3188763,0,HR,1533018600,40,43.52,16.25,89.6,2.24
371,Ternate,1682474,75,PH,1533016800,89,14.29,120.72,86.0,17.22
372,Vredendal,3359736,92,ZA,1533021345,88,-31.68,18.49,46.68,5.75
373,Dauphin,5935341,75,CA,1533017280,58,51.15,-100.04,66.2,9.17
374,Campbell River,5914132,40,CA,1533016800,69,50.02,-125.24,73.4,2.28
375,Namtsy,2019488,0,RU,1533021346,57,62.72,129.66,69.9,4.97
376,Severo-Kurilsk,2121385,32,RU,1533021012,86,50.68,156.12,59.86,4.41
377,Wadi Musa,246008,0,JO,1533021346,50,30.32,35.48,79.26,2.51
378,Ampanihy,1078553,88,MG,1533021346,88,-24.69,44.75,61.71,4.18
379,Kendari,1640344,92,ID,1533020965,69,-3.99,122.52,82.77,5.19
380,Buchanan,2278158,75,LR,1533016800,88,5.88,-10.05,75.2,8.99
381,Bambous Virieux,1106677,20,MU,1533016800,69,-20.34,57.76,77.0,6.93
382,Saint Anthony,5606187,1,US,1533016560,55,43.97,-111.68,62.6,4.07
383,Bandarbeyla,64814,0,SO,1533021348,75,9.49,50.81,77.82,28.34
384,Lokosovo,1500399,92,RU,1533021348,95,61.13,74.84,60.81,14.7
385,Sur,286245,0,OM,1533021082,83,22.57,59.53,88.62,0.83
386,Carnarvon,1014034,0,ZA,1533021026,48,-30.97,22.13,38.44,8.66
387,Zhigansk,2012530,12,RU,1533021348,39,66.77,123.37,72.51,5.08
388,Guerrero Negro,4021858,20,MX,1533021060,78,27.97,-114.04,72.73,8.88
389,Dingle,1714733,88,PH,1533021122,88,11.0,122.67,80.52,10.0
390,Korsakovo,544440,0,RU,1533021349,68,53.27,37.36,69.09,8.77
391,Geraldton,5960603,75,CA,1533016800,88,49.72,-86.95,62.6,3.36
392,Mehamn,778707,0,NO,1533016200,82,71.03,27.85,60.8,11.41
393,Pandamatenga,933178,0,BW,1533021350,67,-18.54,25.64,54.01,3.18
394,Touros,3386213,80,BR,1533021350,94,-5.2,-35.46,75.3,12.35
395,Quatre Cocos,1106643,20,MU,1533016800,69,-20.21,57.76,77.0,6.93
396,Kholodnyy,2124611,80,RU,1533021350,84,62.72,147.95,47.58,6.2
397,Megion,1499053,90,RU,1533018600,87,61.04,76.11,60.8,8.95
398,Novoaleksandrovsk,519106,0,RU,1533021351,36,45.5,41.22,86.19,13.8
399,Mount Pleasant,4712933,1,US,1533020160,88,33.16,-94.97,77.0,2.51
400,Clinton,4852022,1,US,1533018900,93,41.84,-90.19,64.4,3.74
401,Odessa,5527554,1,US,1533018900,65,31.85,-102.37,77.0,12.75
402,Oktyabrskiy,515873,0,RU,1533018600,53,55.61,37.97,71.6,6.71
403,Port-Gentil,2396518,88,GA,1533021003,100,-0.72,8.78,74.08,8.66
404,Teya,3526662,32,MX,1533021354,84,21.05,-89.07,77.59,5.53
405,Storrs,2638077,75,GB,1533018000,93,53.4,-1.57,59.0,9.17
406,Bolshaya Sosnova,574620,0,RU,1533021354,77,57.67,54.6,71.25,4.74
407,Kaspiyskiy,551846,0,RU,1533021355,67,45.39,47.37,86.41,7.76
408,Baruun-Urt,2032614,0,MN,1533021023,78,46.68,113.28,72.78,6.08
409,Shieli,1524801,88,KZ,1533021355,21,44.18,66.74,90.24,7.99
410,London,2643743,40,GB,1533018000,88,51.51,-0.13,62.6,11.41
411,Ithaca,5122432,75,US,1533020160,93,42.44,-76.5,64.4,1.95
412,Mizdah,2214827,0,LY,1533021356,61,31.45,12.98,71.79,2.17
413,Cartagena del Chaira,3792382,100,CO,1533021356,96,1.33,-74.84,73.63,2.28
414,Newport,2641598,0,GB,1533018000,93,51.59,-3.0,60.8,8.05
415,Kirkwall,2645198,40,GB,1533018000,93,58.98,-2.96,57.2,8.05
416,Marumori,2112008,40,JP,1533016800,78,37.9,140.76,95.0,14.99
417,Keti Bandar,1174451,56,PK,1533021357,95,24.14,67.45,82.05,19.84
418,Nizwa,286987,0,OM,1533021358,32,22.93,57.53,99.15,4.18
419,Fort Nelson,5955902,20,CA,1533016800,93,58.81,-122.69,60.8,1.95
420,Manga,2358100,88,BF,1533021358,91,11.67,-1.07,73.77,6.98
421,Calhoun,4185657,75,US,1533019680,100,34.5,-84.95,73.4,3.36
422,Kanigoro,1641497,0,ID,1533021359,79,-8.13,112.22,79.39,16.26
423,Ambunti,2100933,24,PG,1533021359,68,-4.22,142.82,86.46,1.61
424,Marathon,6065867,8,CA,1533021290,95,48.72,-86.38,53.97,6.87
425,Marica,3457708,75,BR,1533020400,88,-22.92,-42.82,69.8,2.24
426,Chute-aux-Outardes,5922281,1,CA,1533016800,93,49.12,-68.38,69.8,8.05
427,Manaus,3663517,0,BR,1533020400,94,-3.13,-59.98,73.4,2.24
428,Bubaque,2374583,68,GW,1533021057,100,11.28,-15.83,78.81,17.38
429,Gigmoto,1712961,56,PH,1533021361,97,13.78,124.39,85.65,5.41
430,Constitucion,4011743,24,MX,1533020992,97,23.99,-104.67,54.6,1.61
431,Altay,1529651,88,CN,1533021361,44,47.83,88.13,63.19,3.18
432,Shurugwi,881164,0,ZW,1533021361,58,-19.67,30.0,50.64,3.18
433,Dasoguz,601734,0,TM,1533018600,17,41.84,59.97,93.2,13.87
434,Lahat,1638775,20,ID,1533021362,94,-3.78,103.55,83.89,4.52
435,San Quintin,1688687,20,PH,1533016800,70,17.54,120.52,89.6,11.41
436,Taloqan,1123004,0,AF,1533021363,17,36.74,69.54,84.93,3.06
437,West Wendover,5710035,1,US,1533016560,37,40.74,-114.07,80.6,5.82
438,Nanortalik,3421765,92,GL,1533021102,92,60.14,-45.24,40.56,7.54
439,Nchelenge,175499,0,ZM,1533021364,57,-9.35,28.74,61.89,2.84
440,Ukiah,5404476,1,US,1533016560,43,39.15,-123.21,73.4,3.36
441,Neuquen,3843123,0,AR,1533016800,86,-38.95,-68.06,30.2,2.51
442,Rocha,3440777,68,UY,1533021100,93,-34.48,-54.34,43.03,7.43
443,Saint-Joseph,3037456,0,FR,1533018600,65,43.56,6.97,82.4,3.36
444,Omboue,2396853,76,GA,1533021365,100,-1.57,9.26,74.49,8.55
445,Lucapa,145724,0,AO,1533021365,74,-8.42,20.74,59.41,2.39
446,Marystown,6067472,0,CA,1533021092,89,47.17,-55.16,58.83,12.91
447,Ajdabiya,89113,0,LY,1533021366,80,30.75,20.22,78.18,4.63
448,Kautokeino,779330,0,NO,1533021366,76,69.01,23.04,70.48,3.62
449,Meybod,124193,0,IR,1533018600,6,32.25,54.02,91.4,4.7
450,Nagato,1899102,75,JP,1533017220,55,34.35,131.14,91.4,12.75
451,Golden,5962582,0,CA,1533021367,64,51.3,-116.96,55.09,2.06
452,Santa Vitoria do Palmar,3449747,0,BR,1533021368,93,-33.52,-53.37,46.41,12.91
453,Hambantota,1244926,76,LK,1533021368,98,6.12,81.12,80.52,16.04
454,Komsomolskiy,1486910,0,RU,1533021368,74,67.55,63.78,47.08,13.47
455,Srednekolymsk,2121025,20,RU,1533021070,64,67.46,153.71,54.87,4.18
456,Liwale,155921,0,TZ,1533021369,62,-9.8,37.92,73.86,3.74
457,Paita,3694112,32,PE,1533021369,94,-5.09,-81.11,62.83,3.96
458,Kuala Lipis,1733023,64,MY,1533021369,90,4.19,102.05,82.59,3.74
459,Belgrade,792680,0,RS,1533020400,73,44.82,20.46,77.0,4.7
460,Erzin,296852,0,TR,1533019800,66,36.95,36.2,86.0,16.11
461,Zastron,937246,0,ZA,1533021370,72,-30.3,27.08,32.01,4.18
462,Orocue,3673536,64,CO,1533021370,96,4.79,-71.34,71.83,5.75
463,Bani,1695357,68,PH,1533021371,100,15.89,120.27,79.8,4.97
464,Scarborough,2638419,0,GB,1533017640,82,54.28,-0.41,57.2,5.82
465,Abu Dhabi,292968,0,AE,1533016800,50,24.47,54.37,102.2,4.7
466,Nouakchott,2377450,0,MR,1533021371,99,18.08,-15.98,80.07,9.1
467,Lander,5830007,1,US,1533016380,36,42.83,-108.73,64.4,9.17
468,Flinders,6255012,0,AU,1533016800,29,-34.58,150.85,66.2,14.99
469,Dukat,786562,44,RS,1533021372,93,42.44,22.31,66.21,2.51
470,Muzhi,1498161,24,RU,1533021373,56,65.4,64.7,60.63,16.49
471,Nortelandia,3456248,32,BR,1533021373,85,-14.45,-56.8,67.38,2.51
472,Corn Island,3620266,48,NI,1533021373,100,12.17,-83.04,79.03,13.58
473,Nouadhibou,2377457,36,MR,1533020400,73,20.93,-17.03,71.6,17.22
474,Jaisalmer,1269507,0,IN,1533021374,65,26.91,70.91,89.25,14.47
475,Aykhal,2027296,64,RU,1533021374,98,65.95,111.51,59.64,2.39
476,Kaka,161901,0,TM,1533021374,24,37.35,59.62,87.45,3.85
477,Dourbali,2433055,80,TD,1533021374,96,11.81,15.86,72.06,10.78
478,Kristiansund,6453331,0,NO,1533018000,72,63.12,7.73,68.0,5.82
479,Lincoln,5072006,1,US,1533020100,87,40.8,-96.67,66.2,3.36
480,Palembang,1633070,40,ID,1533018600,49,-2.99,104.76,91.4,11.41
481,Ayorou,2447416,12,NE,1533021375,78,14.73,0.92,76.56,12.01
482,Ayer Tawar,1735450,75,MY,1533020400,59,4.3,100.75,91.4,3.36
483,San Francisco,5391959,90,US,1533019200,93,37.78,-122.42,66.2,6.93
484,Jiaozuo,1805987,12,CN,1533021377,79,35.21,113.25,83.67,3.29
485,Labytnangi,1500933,0,RU,1533021378,59,66.66,66.39,53.61,12.24
486,Khokhlovo,824987,0,RU,1533018600,69,50.71,36.69,73.4,13.42
487,Ginda,1253628,76,IN,1533021378,100,30.69,78.49,64.05,0.94
488,Petropavlovsk-Kamchatskiy,2122104,0,RU,1533018600,68,53.05,158.65,71.6,8.95
489,Bonavista,5905393,0,CA,1533021379,83,48.65,-53.11,60.27,15.26
490,Sonoma,5397095,20,US,1533020400,100,38.29,-122.46,73.4,4.7
491,Misratah,2214846,0,LY,1533021379,96,32.38,15.09,78.36,3.62
492,Salta,3838233,0,AR,1533016800,70,-24.79,-65.41,53.6,2.24
493,Mulege,3995236,48,MX,1533021380,76,26.88,-111.98,81.24,4.18
494,Rio Tuba,1691703,76,PH,1533021380,100,8.51,117.43,77.59,4.97
495,Tarauaca,3661980,64,BR,1533021381,94,-8.16,-70.77,74.89,2.39
496,Surt,2210554,0,LY,1533021053,94,31.21,16.59,79.62,3.74
497,Dubinino,1507172,0,RU,1533021381,83,55.62,89.08,58.65,8.66
498,Panlaitan,1695065,76,PH,1533021381,96,12.12,119.85,82.5,15.14
499,Lazarev,2123836,88,RU,1533021382,86,52.23,141.51,67.51,2.95
500,Adrar,2508813,92,DZ,1533020400,9,27.87,-0.29,93.2,14.99
501,Santa Maria,3450083,0,BR,1533021383,80,-29.69,-53.81,34.66,2.39
502,Jambi,1642858,92,ID,1533021306,95,-1.6,103.62,79.21,3.74
503,Great Yarmouth,2647984,20,GB,1533018000,88,52.61,1.73,62.6,5.82
504,Aklavik,5882953,75,CA,1533016800,60,68.22,-135.01,68.0,5.82
505,Banja Koviljaca,3186246,0,BA,1533020400,78,44.51,19.16,75.2,1.12
506,Sao Joao da Barra,3448903,0,BR,1533021024,95,-21.64,-41.05,75.03,14.81
507,Hofn,2630299,48,IS,1533020972,98,64.25,-15.21,50.91,9.33
508,Orissaare,589796,20,EE,1533016200,78,58.56,23.08,78.8,8.05
509,Kortkeros,544397,0,RU,1533018600,50,61.81,51.56,75.2,4.47
510,Dalvik,2702977,0,SE,1533019800,69,57.79,14.13,75.2,3.36
511,Salamanca,3111108,0,ES,1533018600,93,40.97,-5.66,57.2,2.24
512,North Bend,5742974,90,US,1533020160,82,43.41,-124.22,60.8,5.82
513,Linfen,1803567,48,CN,1533021387,89,36.09,111.52,78.31,4.74
514,Rupert,5606000,1,US,1533016380,43,42.62,-113.68,73.4,3.36
515,Andalan,1957875,32,PH,1533021388,84,5.96,121.39,87.27,7.76
516,Brae,2654970,40,GB,1533018000,87,60.4,-1.35,59.0,13.87
517,Puerto Escondido,3520994,88,MX,1533021113,100,15.86,-97.07,83.58,1.16
518,Baturaden,1649595,36,ID,1533021388,46,-7.32,109.23,88.03,2.62
519,Mandalgovi,2030065,0,MN,1533020973,73,45.76,106.27,74.58,12.35
520,Sandane,3140431,40,NO,1533018000,77,61.77,6.22,68.0,4.7
521,Northam,2641434,20,GB,1533018000,93,51.04,-4.21,60.8,1.12
522,Qaqortoq,3420846,80,GL,1533016200,66,60.72,-46.03,50.0,3.36
523,Coihaique,3894426,75,CL,1533016800,65,-45.58,-72.07,41.0,3.36
524,Rawlins,5836068,1,US,1533018600,34,41.79,-107.24,53.6,2.95
525,Cascais,2269594,75,PT,1533020400,88,38.7,-9.42,71.6,8.05
526,Pucallpa,3693345,75,PE,1533020400,94,-8.38,-74.54,75.2,2.17
527,Thunder Bay,6166142,5,CA,1533016800,100,48.41,-89.26,57.2,4.7
528,Khanpur,1174167,0,PK,1533021391,65,28.65,70.66,94.06,13.13
529,Polyarnyy,506763,0,RU,1533018600,47,69.2,33.45,78.8,8.95
530,Westport,2960970,90,IE,1533018600,100,53.8,-9.52,50.0,16.11
531,Mananjary,1056151,0,MG,1533021392,77,-19.16,46.8,63.19,3.96
532,Nevel,522410,0,RU,1533021392,85,56.02,29.92,68.86,6.2
533,Calbuco,3897334,40,CL,1533020400,100,-41.77,-73.13,30.2,1.12
534,Katherine,2068655,0,AU,1533020400,21,-14.47,132.26,89.6,11.41
535,Winnemucca,5710360,1,US,1533020160,16,40.97,-117.74,75.2,3.36
536,Sayyan,70979,100,YE,1533021393,25,15.17,44.32,75.48,4.97
537,Morro Bay,5374920,1,US,1533017700,87,35.37,-120.85,71.6,2.39
538,Kaeo,2189343,92,NZ,1533021000,75,-35.1,173.78,56.13,5.86
539,Korem,332746,56,ET,1533021394,85,12.51,39.52,65.4,3.18
540,Shitanjing,1794971,20,CN,1533021395,45,39.23,106.34,85.06,9.1
541,Porto Novo,6322184,75,BR,1533020400,93,-23.68,-45.44,60.8,3.36
542,Mokhsogollokh,2019867,32,RU,1533021003,57,61.4,128.95,69.36,3.85
543,Florianopolis,3463237,75,BR,1533020400,77,-27.6,-48.55,59.0,6.93
544,Savonlinna,637293,0,FI,1533018000,60,61.87,28.88,73.4,2.24
545,Destin,4153188,1,US,1533016560,78,30.39,-86.5,82.4,4.7
546,Azanja,785753,0,RS,1533020400,73,44.43,20.88,77.0,4.7
547,Comodoro Rivadavia,3860443,0,AR,1533016800,48,-45.87,-67.48,44.6,17.22
548,Goma,216281,36,CD,1533021397,100,-1.67,29.23,60.9,3.29
549,Beringovskiy,2126710,92,RU,1533021397,100,63.05,179.32,49.51,8.21
550,Union,5810176,20,US,1533018900,88,47.36,-123.1,69.8,4.18
551,Sebastian,4172372,1,US,1533016560,94,27.82,-80.47,77.0,4.97
552,Shache,1280037,12,CN,1533021398,56,38.42,77.24,79.44,4.41
553,Monterey,5374361,1,US,1533018900,72,36.6,-121.89,60.8,3.36
554,Barra do Garcas,3470709,0,BR,1533021399,73,-15.89,-52.26,60.72,2.62
555,Pitsunda,615460,40,GE,1533018600,70,43.16,40.34,86.0,6.71
556,Huilong,1795424,0,CN,1533021399,64,28.89,110.18,88.71,3.06
557,Sarkand,1519691,0,KZ,1533021400,28,45.41,79.91,86.73,6.42
558,Rabo de Peixe,3372745,20,PT,1533020400,77,37.8,-25.58,62.6,6.93
559,Nemuro,2128975,75,JP,1533016800,83,43.32,145.57,77.0,11.41
560,Jasper,4069659,8,US,1533020160,100,33.83,-87.28,75.2,3.06
561,Ortakoy,303290,0,TR,1533016200,47,38.74,34.04,78.8,4.7
562,Alta Floresta,6316343,12,BR,1533021401,70,-9.87,-56.08,77.23,2.28
563,Kuloy,539385,0,RU,1533021401,71,61.03,42.49,71.38,4.63
564,Amapa,3603330,75,HN,1533016800,100,15.09,-87.97,73.4,1.61
565,Ä°skenderun,311111,0,TR,1533019800,66,36.58,36.17,86.0,16.11
566,Baghmara,1274553,92,IN,1533021402,99,23.8,86.21,80.52,3.62
567,Durban,3016194,90,FR,1533018600,88,43.54,0.58,73.4,5.82
568,Christchurch,2192362,0,NZ,1533020400,66,-43.53,172.64,51.8,9.17
569,Uray,1488429,0,RU,1533021403,56,60.13,64.8,75.34,6.64
570,Padang,1633419,0,ID,1533020986,100,-0.92,100.36,80.61,7.87
571,Rome,6539761,0,IT,1533019800,65,41.89,12.48,84.2,4.7
572,Sistranda,3139597,0,NO,1533018000,77,63.73,8.83,66.2,10.29
573,Hualmay,3939761,12,PE,1533021404,97,-11.1,-77.61,49.96,4.18
574,Guadalupe,4005492,0,MX,1533021405,53,25.68,-100.26,80.7,12.24
575,Ixtapa,4004293,24,MX,1533020970,94,20.71,-105.21,71.74,0.94
576,Vanimo,2084442,32,PG,1533020988,100,-2.67,141.3,81.64,14.47
577,Kruisfontein,986717,0,ZA,1533021005,79,-34.0,24.73,52.98,13.35
578,Mosetse,933277,0,BW,1533021405,58,-20.64,26.64,51.45,2.95
579,Belyy Yar,1510377,0,RU,1533018600,46,53.6,91.39,71.6,11.18
580,Puerto Leguizamo,3671437,80,CO,1533021406,93,-0.19,-74.78,75.43,3.18
581,Auki,2339937,88,NG,1533021013,95,12.18,6.51,71.83,8.99
